Bug-ID;OB-ID;OB-Text;OB-in-Title?;Bug-Category;Bug-Type;OB-Category;OB-Rating;Ground-Truth;First-Rank;Reciprocal-Rank;Average-Precision;h@1;h@2;h@3;h@4;h@5;h@6;h@7;h@8;h@9;h@10
Bug2;0;app crash when change view by in report section;1;Non-Synthetic Bug;App crashes;Easy;3;['d39c2c754950166798705365a33ee5104463a282c70fbcd711ff3d9f25a7e75b', '2957d1cfee327d06abd84e6b91e1153eb930ce1886a45ed33c8ff4c6536fbcb0', '4bfa8dc7a47495036edd455e67d3d7f39276498a2ed0a8d362a59d5c7b005b38', 'f189f23124c6c372973bbff27e30b7107f27022f74836d7085daf2817f565790'];1;1.0;0.5527777777777778;1;1;1;1;1;1;1;1;1;1
Bug2;1;"when the user changes the appearance of the report from ""view value"" to ""use percent value"" this application will crash and stop working";0;Non-Synthetic Bug;App crashes;Easy;5;['d39c2c754950166798705365a33ee5104463a282c70fbcd711ff3d9f25a7e75b', '2957d1cfee327d06abd84e6b91e1153eb930ce1886a45ed33c8ff4c6536fbcb0', '4bfa8dc7a47495036edd455e67d3d7f39276498a2ed0a8d362a59d5c7b005b38', 'f189f23124c6c372973bbff27e30b7107f27022f74836d7085daf2817f565790'];1;1.0;0.5600961538461539;1;1;1;1;1;1;1;1;1;1
Bug2;2;6. see errors;0;Non-Synthetic Bug;App crashes;Hard;1;['d39c2c754950166798705365a33ee5104463a282c70fbcd711ff3d9f25a7e75b', '2957d1cfee327d06abd84e6b91e1153eb930ce1886a45ed33c8ff4c6536fbcb0', '4bfa8dc7a47495036edd455e67d3d7f39276498a2ed0a8d362a59d5c7b005b38', 'f189f23124c6c372973bbff27e30b7107f27022f74836d7085daf2817f565790'];2;0.5;0.416025641025641;0;1;1;1;1;1;1;1;1;1
